{
  "Status":true,
  "actualData":[
    [1601800800, 25147.661971800186],
    [1601801100, 50375.78896291526],
    [1601801400, 76635.3650497256],
    [1601801700, 103403.64073669101],
    [1601802000, 129982.52668957168],
    [1601802300, 156033.29549576997],
    [1601802600, 181908.03612319578],
    [1601802900, 207538.3900227178],
    [1601803200, 232537.93045754876],
    [1601803500, 259518.28323237147],
    [1601803800, 287117.94076350937],
    [1601804100, 315598.0096756201],
    [1601804400, 344981.4672843964],
    [1601804700, 374292.2230635927],
    [1601805000, 400446.2022546162],
    [1601805300, 426418.2630530269],
    [1601805600, 453672.35904891463],
    [1601805900, 481108.08560621465],
  ],
  "forecastedData":[
    [1601800800, 839556.8743005687],
    [1601801100, 866612.1090436996],
    [1601801400, 893667.2928191804],
    [1601801700, 920722.4797950271],
    [1601802000, 947777.6665699161], 
    [1601802300, 974832.8533574237],
    [1601802600, 1001888.0401441389],
    [1601802900, 1028943.2269309037],
    [1601803200, 1055998.4137176657],
    [1601803500, 1083053.6005044277]
  ]
}
